{
  "model_name": "nomic-ai/nomic-embed-text-v1.5",
  "dimension": 768,
  "num_papers": 2397,
  "batch_size": 256,
  "generation_time_seconds": 618.6738460063934,
  "avg_time_per_paper": 0.2581033984173523,
  "stats": {
    "shape": [
      2397,
      768
    ],
    "mean": 0.00021201663184911013,
    "std": 0.03608376905322075,
    "min": -0.23920047283172607,
    "max": 0.19413430988788605,
    "norm_mean": 1.0,
    "norm_std": 4.0542623480632756e-08
  },
  "shape": [
    2397,
    768
  ],
  "dtype": "float32",
  "saved_at": "2026-02-04T12:05:54"
}